{
  "Total" : {
    "transaction" : "Total",
    "sampleCount" : 1000,
    "errorCount" : 0,
    "errorPct" : 0.0,
    "meanResTime" : 4913.5490000000045,
    "medianResTime" : 5128.0,
    "minResTime" : 1249.0,
    "maxResTime" : 8830.0,
    "pct1ResTime" : 7595.0,
    "pct2ResTime" : 7687.95,
    "pct3ResTime" : 8016.99,
    "throughput" : 111.68192986374804,
    "receivedKBytesPerSec" : 25.084808465490283,
    "sentKBytesPerSec" : 19.086267310699128
  },
  "doBizA HTTP请求" : {
    "transaction" : "doBizA HTTP请求",
    "sampleCount" : 1000,
    "errorCount" : 0,
    "errorPct" : 0.0,
    "meanResTime" : 4913.5490000000045,
    "medianResTime" : 5128.0,
    "minResTime" : 1249.0,
    "maxResTime" : 8830.0,
    "pct1ResTime" : 7595.0,
    "pct2ResTime" : 7687.95,
    "pct3ResTime" : 8016.99,
    "throughput" : 111.68192986374804,
    "receivedKBytesPerSec" : 25.084808465490283,
    "sentKBytesPerSec" : 19.086267310699128
  }
}